null.deviance,df.null,logLik,AIC,BIC,deviance,df.residual,nobs
32679.429375821834,23860,-16287.69664435354,32595.39328870708,32676.1932947663,32575.39328870708,23851,23861
